[
  {
    "id": "5416a2a2-fa15-480b-b003-3f964511fab9",
    "data": [
      {
        "text": "how is the academic reputation of ",
        "userDefined": false
      },
      {
        "text": "UniversityName",
        "alias": "UniversityName",
        "meta": "@University",
        "userDefined": false
      }
    ],
    "isTemplate": false,
    "count": 0,
    "updated": 0
  },
  {
    "id": "99e79861-ebef-4e23-ab85-7e494bd3ef7c",
    "data": [
      {
        "text": "does ",
        "userDefined": false
      },
      {
        "text": "UniversityName",
        "alias": "UniversityName",
        "meta": "@University",
        "userDefined": true
      },
      {
        "text": " have a good academic reputation",
        "userDefined": false
      }
    ],
    "isTemplate": false,
    "count": 0,
    "updated": 0
  },
  {
    "id": "9deef67f-df4e-4d22-9d62-dd48d9a95415",
    "data": [
      {
        "text": "reputation of $",
        "userDefined": false
      },
      {
        "text": "UniversityName",
        "alias": "UniversityName",
        "meta": "@University",
        "userDefined": true
      }
    ],
    "isTemplate": false,
    "count": 0,
    "updated": 0
  },
  {
    "id": "e6f7aa97-f014-4285-ba05-5371b87b1c50",
    "data": [
      {
        "text": "what is the academic reputation of $",
        "userDefined": false
      },
      {
        "text": "UniversityName",
        "alias": "UniversityName",
        "meta": "@University",
        "userDefined": true
      }
    ],
    "isTemplate": false,
    "count": 0,
    "updated": 0
  },
  {
    "id": "6d8e6baf-effb-4e76-884c-a172314d60ae",
    "data": [
      {
        "text": "rank of $",
        "userDefined": false
      },
      {
        "text": "UniversityName",
        "alias": "UniversityName",
        "meta": "@University",
        "userDefined": true
      }
    ],
    "isTemplate": false,
    "count": 1,
    "updated": 0
  },
  {
    "id": "11786c1c-45cd-4345-b738-ceeaecdea8c1",
    "data": [
      {
        "text": "what is the rank of $",
        "userDefined": false
      },
      {
        "text": "UniversityName",
        "alias": "UniversityName",
        "meta": "@University",
        "userDefined": true
      }
    ],
    "isTemplate": false,
    "count": 0,
    "updated": 0
  }
]