[
  {
    "id": "e1eb6182-774b-44d1-9a3a-d0b335602021",
    "data": [
      {
        "text": "what is the campus setting in ",
        "userDefined": false
      },
      {
        "text": "UniversityName",
        "alias": "UniversityName",
        "meta": "@University",
        "userDefined": false
      }
    ],
    "isTemplate": false,
    "count": 0,
    "updated": 0
  },
  {
    "id": "1a80720c-3720-4e3d-bb0f-8e68736bc31f",
    "data": [
      {
        "text": "how is the campus in $",
        "userDefined": false
      },
      {
        "text": "UniversityName",
        "alias": "UniversityName",
        "meta": "@University",
        "userDefined": false
      }
    ],
    "isTemplate": false,
    "count": 0,
    "updated": 0
  },
  {
    "id": "f9e23754-9543-4bb3-b57b-ae591799ef20",
    "data": [
      {
        "text": "campus setting of $",
        "userDefined": false
      },
      {
        "text": "UniversityName",
        "alias": "UniversityName",
        "meta": "@University",
        "userDefined": false
      }
    ],
    "isTemplate": false,
    "count": 0,
    "updated": 0
  },
  {
    "id": "fbf18df1-6258-4a40-b21f-2c5ca9799bb1",
    "data": [
      {
        "text": "campus of $",
        "userDefined": false
      },
      {
        "text": "UniversityName",
        "alias": "UniversityName",
        "meta": "@University",
        "userDefined": true
      }
    ],
    "isTemplate": false,
    "count": 0,
    "updated": 0
  },
  {
    "id": "59c05880-d136-4295-942c-55ca77fa8c70",
    "data": [
      {
        "text": "how does the campus look like in $",
        "userDefined": false
      },
      {
        "text": "UniversityName",
        "alias": "UniversityName",
        "meta": "@University",
        "userDefined": false
      }
    ],
    "isTemplate": false,
    "count": 0,
    "updated": 0
  }
]