[
  {
    "id": "95bb5f1b-eb1d-4fb6-8021-b96cdb2a54ee",
    "data": [
      {
        "text": "how high is the living cost in ",
        "userDefined": false
      },
      {
        "text": "city",
        "alias": "City",
        "meta": "@City",
        "userDefined": false
      }
    ],
    "isTemplate": false,
    "count": 0,
    "updated": 0
  },
  {
    "id": "8f2d8bba-0efa-45ea-a335-6eb5a222aa8a",
    "data": [
      {
        "text": "what is the living expense in ",
        "userDefined": false
      },
      {
        "text": "city",
        "alias": "City",
        "meta": "@City",
        "userDefined": false
      }
    ],
    "isTemplate": false,
    "count": 0,
    "updated": 0
  },
  {
    "id": "4b9cb39f-bfc3-4ea2-bd4a-07a8b6f64e4e",
    "data": [
      {
        "text": "living expense in ",
        "userDefined": false
      },
      {
        "text": "city",
        "alias": "City",
        "meta": "@City",
        "userDefined": false
      }
    ],
    "isTemplate": false,
    "count": 0,
    "updated": 0
  },
  {
    "id": "6251b00d-beba-4e96-a0b5-83166c330ea9",
    "data": [
      {
        "text": "what is the cost of living in ",
        "userDefined": false
      },
      {
        "text": "city",
        "alias": "City",
        "meta": "@City",
        "userDefined": true
      }
    ],
    "isTemplate": false,
    "count": 0,
    "updated": 0
  }
]