[
  {
    "id": "20651a95-5528-467b-85ab-61a4ca8e35f7",
    "data": [
      {
        "text": "how is the employer reputation of ",
        "userDefined": false
      },
      {
        "text": "university",
        "alias": "UniversityName",
        "meta": "@University",
        "userDefined": false
      }
    ],
    "isTemplate": false,
    "count": 0,
    "updated": 0
  },
  {
    "id": "94cd9ed0-9cbb-466b-976b-f1a436e200df",
    "data": [
      {
        "text": "does ",
        "userDefined": false
      },
      {
        "text": "university",
        "alias": "UniversityName",
        "meta": "@University",
        "userDefined": false
      },
      {
        "text": " have a good employer reputation",
        "userDefined": false
      }
    ],
    "isTemplate": false,
    "count": 0,
    "updated": 0
  },
  {
    "id": "516dcd51-7b8e-400e-969f-682140371920",
    "data": [
      {
        "text": "employer reputation of ",
        "userDefined": false
      },
      {
        "text": "university",
        "alias": "UniversityName",
        "meta": "@University",
        "userDefined": true
      }
    ],
    "isTemplate": false,
    "count": 0,
    "updated": 0
  },
  {
    "id": "a178a5bb-6355-4ead-9989-8079852919b9",
    "data": [
      {
        "text": "what is the employer reputation of ",
        "userDefined": false
      },
      {
        "text": "university",
        "alias": "UniversityName",
        "meta": "@University",
        "userDefined": true
      }
    ],
    "isTemplate": false,
    "count": 0,
    "updated": 0
  }
]