[
  {
    "id": "147cf18d-07fe-4f29-9559-5d5b214b374b",
    "data": [
      {
        "text": "how much GPA do I need to enter ",
        "userDefined": false
      },
      {
        "text": "UniversityName",
        "alias": "UniversityName",
        "meta": "@University",
        "userDefined": false
      }
    ],
    "isTemplate": false,
    "count": 0,
    "updated": 0
  },
  {
    "id": "ffb6a880-1453-4560-8565-ae91f0ff82ae",
    "data": [
      {
        "text": "is there any GPA requirement for ",
        "userDefined": false
      },
      {
        "text": "UniversityName",
        "alias": "UniversityName",
        "meta": "@University",
        "userDefined": false
      }
    ],
    "isTemplate": false,
    "count": 0,
    "updated": 0
  },
  {
    "id": "8f3027d1-53a6-4b17-9b99-8033ff7804e9",
    "data": [
      {
        "text": "what GPA does it require to enter ",
        "userDefined": false
      },
      {
        "text": "UniversityName",
        "alias": "UniversityName",
        "meta": "@University",
        "userDefined": false
      }
    ],
    "isTemplate": false,
    "count": 0,
    "updated": 0
  },
  {
    "id": "f6104ac1-6a16-4a54-a453-6974fa9beb45",
    "data": [
      {
        "text": "minimum GPA requirement of ",
        "userDefined": false
      },
      {
        "text": "UniversityName",
        "alias": "UniversityName",
        "meta": "@University",
        "userDefined": false
      }
    ],
    "isTemplate": false,
    "count": 0,
    "updated": 0
  },
  {
    "id": "8fdd5a80-45dc-4b01-9cab-dc18bb603980",
    "data": [
      {
        "text": "what is the GPA requirement of $",
        "userDefined": false
      },
      {
        "text": "UniversityName",
        "alias": "UniversityName",
        "meta": "@University",
        "userDefined": false
      }
    ],
    "isTemplate": false,
    "count": 0,
    "updated": 0
  }
]