[
  {
    "id": "13570f52-451b-4306-a991-1983050dd91b",
    "data": [
      {
        "text": "what IELTS score do I need to enter ",
        "userDefined": false
      },
      {
        "text": "UniversityName",
        "alias": "UniversityName",
        "meta": "@University",
        "userDefined": false
      }
    ],
    "isTemplate": false,
    "count": 0,
    "updated": 0
  },
  {
    "id": "a9a732bd-cce9-4f44-9016-161d65e250bd",
    "data": [
      {
        "text": "is there any minimum IELTS requirement to enter ",
        "userDefined": false
      },
      {
        "text": "UniversityName",
        "alias": "UniversityName",
        "meta": "@University",
        "userDefined": false
      }
    ],
    "isTemplate": false,
    "count": 0,
    "updated": 0
  },
  {
    "id": "8d84fe28-6f0f-4c5b-8802-c686ef22151f",
    "data": [
      {
        "text": "what is the minimum IELTS required for ",
        "userDefined": false
      },
      {
        "text": "UniversityName",
        "alias": "UniversityName",
        "meta": "@University",
        "userDefined": false
      }
    ],
    "isTemplate": false,
    "count": 0,
    "updated": 0
  },
  {
    "id": "e14aaf80-0f71-4146-83ad-a4ac436d25fb",
    "data": [
      {
        "text": "what is the IELTS requirement for $",
        "userDefined": false
      },
      {
        "text": "UniversityName",
        "alias": "UniversityName",
        "meta": "@University",
        "userDefined": false
      }
    ],
    "isTemplate": false,
    "count": 0,
    "updated": 0
  }
]