[
  {
    "id": "b925cde0-8517-470d-97af-d7837b00e7fc",
    "data": [
      {
        "text": "what ",
        "userDefined": false
      },
      {
        "text": "study",
        "meta": "@sys.ignore",
        "userDefined": false
      },
      {
        "text": " field does $",
        "userDefined": false
      },
      {
        "text": "UniversityName",
        "alias": "UniversityName",
        "meta": "@University",
        "userDefined": false
      },
      {
        "text": " offer",
        "userDefined": false
      }
    ],
    "isTemplate": false,
    "count": 0,
    "updated": 0
  },
  {
    "id": "528d69da-dfa5-4a4a-bd67-a4063177b2b1",
    "data": [
      {
        "text": "what field can I ",
        "userDefined": false
      },
      {
        "text": "study",
        "meta": "@sys.ignore",
        "userDefined": false
      },
      {
        "text": " in $",
        "userDefined": false
      },
      {
        "text": "University",
        "alias": "UniversityName",
        "meta": "@University",
        "userDefined": false
      }
    ],
    "isTemplate": false,
    "count": 0,
    "updated": 0
  },
  {
    "id": "7d78003e-2234-48cb-8f8c-32a09baa6010",
    "data": [
      {
        "text": "what field of ",
        "userDefined": false
      },
      {
        "text": "study",
        "meta": "@sys.ignore",
        "userDefined": false
      },
      {
        "text": " does $",
        "userDefined": false
      },
      {
        "text": "University",
        "alias": "UniversityName",
        "meta": "@University",
        "userDefined": false
      },
      {
        "text": " offer",
        "userDefined": false
      }
    ],
    "isTemplate": false,
    "count": 0,
    "updated": 0
  }
]