[
  {
    "id": "3cc06472-c31d-4997-9bf8-ee8be1f083af",
    "data": [
      {
        "text": "what ",
        "userDefined": false
      },
      {
        "text": "subject",
        "meta": "@sys.ignore",
        "userDefined": false
      },
      {
        "text": " does $",
        "userDefined": false
      },
      {
        "text": "University",
        "alias": "UniversityName",
        "meta": "@University",
        "userDefined": false
      },
      {
        "text": " offer",
        "userDefined": false
      }
    ],
    "isTemplate": false,
    "count": 0,
    "updated": 0
  },
  {
    "id": "180dcc2f-ec1a-4e71-9fea-0c8e78de6980",
    "data": [
      {
        "text": "what ",
        "userDefined": false
      },
      {
        "text": "subject",
        "meta": "@sys.ignore",
        "userDefined": false
      },
      {
        "text": " can I ",
        "userDefined": false
      },
      {
        "text": "study",
        "meta": "@sys.ignore",
        "userDefined": false
      },
      {
        "text": " in $",
        "userDefined": false
      },
      {
        "text": "University",
        "alias": "UniversityName",
        "meta": "@University",
        "userDefined": false
      }
    ],
    "isTemplate": false,
    "count": 0,
    "updated": 0
  },
  {
    "id": "d93690c2-1523-4a99-8ec3-29c8015c375b",
    "data": [
      {
        "text": "what ",
        "userDefined": false
      },
      {
        "text": "subject",
        "meta": "@sys.ignore",
        "userDefined": false
      },
      {
        "text": " does $",
        "userDefined": false
      },
      {
        "text": "UniversityName",
        "alias": "UniversityName",
        "meta": "@University",
        "userDefined": false
      },
      {
        "text": " offer",
        "userDefined": false
      }
    ],
    "isTemplate": false,
    "count": 0,
    "updated": 0
  }
]