[
  {
    "id": "4ac21070-8908-474a-874c-cd67db90e999",
    "data": [
      {
        "text": "is it expensive to ",
        "userDefined": false
      },
      {
        "text": "study",
        "meta": "@sys.ignore",
        "userDefined": false
      },
      {
        "text": " in $",
        "userDefined": false
      },
      {
        "text": "UniversityName",
        "alias": "UniversityName",
        "meta": "@University",
        "userDefined": false
      }
    ],
    "isTemplate": false,
    "count": 0,
    "updated": 0
  },
  {
    "id": "613bd756-468f-4bf7-8a86-0a2820487207",
    "data": [
      {
        "text": "tuition fee of $",
        "userDefined": false
      },
      {
        "text": "UniversityName",
        "alias": "UniversityName",
        "meta": "@University",
        "userDefined": false
      }
    ],
    "isTemplate": false,
    "count": 0,
    "updated": 0
  },
  {
    "id": "b4811a7b-8eb6-4872-bdb7-1e7dad999346",
    "data": [
      {
        "text": "what is the tuition fee for $",
        "userDefined": false
      },
      {
        "text": "UniversityName",
        "alias": "UniversityName",
        "meta": "@University",
        "userDefined": false
      }
    ],
    "isTemplate": false,
    "count": 0,
    "updated": 0
  },
  {
    "id": "a4770c8b-3621-41da-96ce-9e0d5ac61908",
    "data": [
      {
        "text": "how much is the tuition fee for $",
        "userDefined": false
      },
      {
        "text": "UniversityName",
        "alias": "UniversityName",
        "meta": "@University",
        "userDefined": false
      }
    ],
    "isTemplate": false,
    "count": 0,
    "updated": 0
  }
]