[
  {
    "id": "82bdba47-9b7e-4578-b68e-b9e47fd85984",
    "data": [
      {
        "text": "can I do work study in $",
        "userDefined": false
      },
      {
        "text": "University",
        "alias": "UniversityName",
        "meta": "@University",
        "userDefined": false
      }
    ],
    "isTemplate": false,
    "count": 0,
    "updated": 0
  },
  {
    "id": "91df3973-8df4-4a44-81a6-83ac992b4ce1",
    "data": [
      {
        "text": "does $",
        "userDefined": false
      },
      {
        "text": "University",
        "alias": "UniversityName",
        "meta": "@University",
        "userDefined": false
      },
      {
        "text": " offer ",
        "userDefined": false
      },
      {
        "text": "work study",
        "meta": "@sys.ignore",
        "userDefined": false
      }
    ],
    "isTemplate": false,
    "count": 0,
    "updated": 0
  },
  {
    "id": "26f0e7cb-095a-494b-8f5b-9dc571feb8ea",
    "data": [
      {
        "text": "Is there ",
        "userDefined": false
      },
      {
        "text": "work study",
        "meta": "@sys.ignore",
        "userDefined": false
      },
      {
        "text": " ",
        "userDefined": false
      },
      {
        "text": "program",
        "meta": "@sys.ignore",
        "userDefined": false
      },
      {
        "text": " in $",
        "userDefined": false
      },
      {
        "text": "University",
        "alias": "UniversityName",
        "meta": "@University",
        "userDefined": false
      }
    ],
    "isTemplate": false,
    "count": 0,
    "updated": 0
  }
]